person_name,person_phone,person_email,person_address
Shelby Terrell,001-084-906-7849x73518,elijah57@example.net,1 Whitehall Road
Phillip Summers,214.112.6044x4913,bethany14@example.com,2 Whitehall Road
Kristine Travis,277.609.7938,bthompson@example.com,3 Whitehall Road
Yesenia Martinez,584.094.6111,kaitlinkaiser@example.com,4 Whitehall Road
Lori Todd,689-207-3558x7233,buchananmanuel@example.net,5 Whitehall Road
Erin Day,001-171-649-9856x5553,tconner@example.org,6 Whitehall Road
Katherine Buck,+1-773-151-6685x49162,conniecowan@example.com,7 Whitehall Road
Ricardo Hinton,001-447-699-7998x88612,wyattbishop@example.com,8 Whitehall Road
Dave Farrell,603-428-2429x27392,nmccann@example.net,9 Whitehall Road
Isaiah Downs,+1-511-372-1544x8206,virginiaterrell@example.org,10 Whitehall Road
Sheila Ross,895.881.4746,huangcathy@example.com,11 Whitehall Road
Stacy Newton,710.673.3213x80335,rayleroy@example.org,12 Whitehall Road
Mandy Blake,(992)466-1305x4947,jefferynoble@example.org,13 Whitehall Road
Bridget Nash,(216)627-8359,mercedes44@example.com,14 Whitehall Road
Crystal Farmer,-5791,pmiranda@example.org,15 Whitehall Road
Thomas Knight,-2005,braunpriscilla@example.net,16 Whitehall Road
Maurice Rangel,(246)187-4969,sheenabanks@example.com,17 Whitehall Road
Frank Meadows,429.965.3902x4447,gbrewer@example.org,18 Whitehall Road
Alvin Paul,219.436.0887x07551,gilbertdonaldson@example.com,19 Whitehall Road
Jared Mitchell,-8587,jcortez@example.com,20 Whitehall Road
Jacqueline Norton,819.309.7679x59173,carias@example.net,21 Whitehall Road
Colleen Hatfield,638.584.1090,fknox@example.org,22 Whitehall Road
Randy Barnes,001-960-629-7164x67214,huangbill@example.org,23 Whitehall Road
Janice Rhodes,001-249-314-9742x6996,juarezdominique@example.net,24 Whitehall Road
Alfred Mcneil,(468)276-9509x53058,cassandramorris@example.com,25 Whitehall Road
Sean Levine,4915828504,sallymiller@example.net,26 Whitehall Road
Louis Payne,6232695307,bsullivan@example.net,27 Whitehall Road
Brittney Vega,945-739-8686,ayalajose@example.net,28 Whitehall Road
Judy Buckley,001-654-208-1241x52830,irosales@example.net,29 Whitehall Road
Norman Weber,223.002.0429,mconrad@example.com,30 Whitehall Road
Isaiah Camacho,001-536-544-3367,jimblake@example.org,31 Whitehall Road
Jacqueline Gallagher,(247)762-8934,nsampson@example.net,32 Whitehall Road
Bonnie Andrews,+1-253-987-2776x9161,caitlin24@example.net,33 Whitehall Road
Brandon Schmidt,+1-386-673-1465x006,mconley@example.net,34 Whitehall Road
Jackson Sparks,(137)908-3129x65035,reynoldsdarryl@example.net,35 Whitehall Road
Melody Cook,(826)792-7381,jeannovak@example.org,36 Whitehall Road
Leonard Hurst,941-038-0427x38800,clinton78@example.org,37 Whitehall Road
Gene Rich,+1-356-818-6604x89537,luisdeleon@example.org,38 Whitehall Road
Cynthia Wiggins,(110)858-2437x70190,rosariodave@example.org,39 Whitehall Road
Tanya Mckinney,(830)774-9002x086,vickihouston@example.com,40 Whitehall Road
Matthew Stone,952-381-6360,evelyn31@example.org,41 Whitehall Road
Kirk Walsh,001-826-496-5529x8661,stephenfuller@example.org,42 Whitehall Road
Willie Vang,741.168.6854x067,haleymathews@example.net,43 Whitehall Road
Miguel Hill,5247842945,tyrone56@example.org,44 Whitehall Road
Darren Andrews,(975)799-4261,lhernandez@example.com,45 Whitehall Road
Haley Pugh,(746)182-6137x2453,molly03@example.org,46 Whitehall Road
Danielle Estrada,(890)374-9518x772,jvang@example.org,47 Whitehall Road
Becky Brady,(390)002-0863,erikmueller@example.org,48 Whitehall Road
Caitlyn Frey,805-021-3965x46344,rivasdominique@example.org,49 Whitehall Road
Joshua Sweeney,875.994.2100x535,daisymcgee@example.net,50 Whitehall Road
Heidi Escobar,601-155-3065x1131,staffordtravis@example.net,51 Whitehall Road
Brian Oconnell,952-283-1423x733,saralong@example.net,52 Whitehall Road
Beverly Esparza,+1-327-578-8754x6771,iphelps@example.net,53 Whitehall Road
Nathaniel Rivas,(655)887-2040x37888,roberto29@example.com,54 Whitehall Road
Debra Payne,001-731-525-8400x52593,yolanda07@example.org,55 Whitehall Road
Mackenzie Rocha,4225525458,abbottyvette@example.net,56 Whitehall Road
Courtney Watkins,210.683.2761x5883,ochang@example.org,57 Whitehall Road
Fred Olsen,497-774-3053,amyanderson@example.com,58 Whitehall Road
Ryan Nelson,956.330.2951,qnorman@example.org,59 Whitehall Road
Grace Phelps,(034)867-8827x6777,clarkeangela@example.net,60 Whitehall Road
Shari Daugherty,001-951-655-4798x6124,kalvarado@example.org,61 Whitehall Road
Kelli Garner,995.000.4213x0982,jodyvincent@example.org,62 Whitehall Road
Jackie Bennett,001-740-937-0846x0087,hutchinsonkirk@example.com,63 Whitehall Road
Leslie Conway,795.782.4384x555,floreschristina@example.org,64 Whitehall Road
Harold Barnett,-6682,nathan65@example.org,65 Whitehall Road
Larry Harper,+1-244-630-3792x4121,maria32@example.org,66 Whitehall Road
Mike Ward,116-729-5046,imccullough@example.com,67 Whitehall Road
Brittney Rubio,593.976.2528,corey92@example.com,68 Whitehall Road
Frank Pineda,(035)961-5060x9182,daltoncalvin@example.net,69 Whitehall Road
Sandra Wu,+1-096-606-6454x067,ubanks@example.com,70 Whitehall Road
Ryan Benton,+1-695-557-9948x485,lopezdebbie@example.org,71 Whitehall Road
Tamara Hull,017.665.3744x7944,meagan39@example.net,72 Whitehall Road
Jean Ritter,(954)060-1066,kristina76@example.com,73 Whitehall Road
Veronica Briggs,+1-521-589-2387x48490,weissbridget@example.com,74 Whitehall Road
Kim Andrews,7677125383,wpetersen@example.org,75 Whitehall Road
Tina Cunningham,079-907-5051,wongmary@example.org,76 Whitehall Road
Jonathon Atkinson,874-037-2032x932,gailfrench@example.net,77 Whitehall Road
Jermaine Reid,(742)214-8691,vpaul@example.com,78 Whitehall Road
Regina Stevens,891-359-2684,xpoole@example.net,79 Whitehall Road
Terrence Huff,221.800.6408x5416,cassandra80@example.org,80 Whitehall Road
Tyler Foley,001-386-469-3075x8030,johnathan72@example.org,81 Whitehall Road
Andrew Waters,+1-376-865-2765x3351,nhall@example.net,82 Whitehall Road
Reginald Stephenson,+1-832-500-6044x475,erikaball@example.net,83 Whitehall Road
Douglas Reese,001-834-660-8312x9864,nixonvanessa@example.net,84 Whitehall Road
Helen Williamson,001-377-726-4229,melvin08@example.net,85 Whitehall Road
Mario Vaughn,160-144-5039x12276,oblake@example.com,86 Whitehall Road
Chelsea Dickson,001-698-651-0138x18588,johnnyhendricks@example.net,87 Whitehall Road
Dustin Bailey,+1-965-621-1157x345,pbarron@example.net,88 Whitehall Road
Harry Medina,-6354,olsenmalik@example.net,89 Whitehall Road
Kathy Haney,(164)105-8456,teresa37@example.com,90 Whitehall Road
Alison Nixon,3506680871,zmiles@example.net,91 Whitehall Road
Jamie Hardy,(900)803-9295x11533,sheenadouglas@example.com,92 Whitehall Road
Melody Cox,(626)520-5080x3511,evan90@example.org,93 Whitehall Road
Xavier Cole,8164259975,nicolas90@example.org,94 Whitehall Road
Dillon Guzman,971-992-4521,angelanavarro@example.net,95 Whitehall Road
Dennis Barnes,001-095-524-2112x257,bmartin@example.org,96 Whitehall Road
Steve Patterson,001-865-478-5157,latasha46@example.net,97 Whitehall Road
Wesley Bray,995-542-3004x76800,regina11@example.org,98 Whitehall Road
Summer Oconnell,001-273-685-6932x092,alexiscantrell@example.org,99 Whitehall Road
Mariah Bernard,(341)594-6554x44657,pcopeland@example.org,100 Whitehall Road